ticker,company,sector,sub-sector,quarter,year,date,score-neg,score-neu,score-pos,score-compound
MMM,3M,Industrials,Industrial Conglomerates,Q4,2020,2021-01-26 17:33:08,0.029,0.714,0.257,1.0
AOS,A. O. Smith,Industrials,Building Products,Q4,2020,2021-01-28 16:16:03,0.036,0.721,0.243,1.0
ABT,Abbott,Health Care,Health Care Equipment,Q4,2020,2021-01-27 00:00:00,0.021,0.766,0.213,1.0
ABBV,AbbVie,Health Care,Biotechnology,Q4,2020,2021-02-03 19:58:05,0.034,0.741,0.225,1.0
ACN,Accenture,Information Technology,IT Consulting & Other Services,Q4,2020,2020-09-24 13:55:42,0.029,0.748,0.223,1.0
ADBE,Adobe Inc.,Information Technology,Application Software,Q4,2020,2020-12-10 15:15:57,0.014,0.712,0.274,1.0
AMD,Advanced Micro Devices,Information Technology,Semiconductors,Q4,2020,2020-04-22 23:45:03,0.032,0.702,0.266,1.0
AES,AES Corporation,Utilities,Independent Power Producers & Energy Traders,Q4,2020,2021-02-25 14:32:06,0.033,0.755,0.213,0.9999
AFL,Aflac,Financials,Life & Health Insurance,Q4,2020,2021-02-04 12:22:09,0.034,0.744,0.222,1.0
A,Agilent Technologies,Health Care,Life Sciences Tools & Services,Q4,2020,2020-11-23 20:15:57,0.029,0.724,0.247,1.0
APD,Air Products and Chemicals,Materials,Industrial Gases,Q4,2020,2020-11-11 00:00:00,0.031,0.746,0.223,1.0
ABNB,Airbnb,Consumer Discretionary,"Hotels, Resorts & Cruise Lines",Q4,2020,2021-02-25 23:19:20,0.027,0.721,0.253,1.0
AKAM,Akamai,Information Technology,Internet Services & Infrastructure,Q4,2020,2021-02-09 21:32:06,0.031,0.729,0.24,1.0
ALB,Albemarle Corporation,Materials,Specialty Chemicals,Q4,2020,2021-02-18 15:12:07,0.025,0.764,0.21,1.0
ARE,Alexandria Real Estate Equities,Real Estate,Office REITs,Q4,2020,2021-02-02 19:54:06,0.027,0.706,0.267,1.0
ALGN,Align Technology,Health Care,Health Care Supplies,Q4,2020,2021-02-04 00:45:35,0.024,0.731,0.245,1.0
ALLE,Allegion,Industrials,Building Products,Q4,2020,2021-02-16 12:17:06,0.022,0.704,0.274,1.0
LNT,Alliant Energy,Utilities,Electric Utilities,Q4,2020,2021-02-19 19:37:07,0.017,0.718,0.264,1.0
ALL,Allstate,Financials,Property & Casualty Insurance,Q4,2020,2021-02-04 14:06:20,0.04,0.743,0.217,1.0
GOOG,Alphabet Inc. (Class C),Communication Services,Interactive Media & Services,Q4,2020,2021-02-02 20:14:03,0.021,0.743,0.236,1.0
MO,Altria,Consumer Staples,Tobacco,Q4,2020,2021-01-28 16:28:18,0.018,0.745,0.237,1.0
AMZN,Amazon,Consumer Discretionary,Broadline Retail,Q4,2020,2021-02-02 23:25:41,0.022,0.726,0.252,1.0
AMCR,Amcor,Materials,Paper & Plastic Packaging Products & Materials,Q4,2020,2020-08-18 22:56:07,0.033,0.722,0.245,1.0
AEE,Ameren,Utilities,Multi-Utilities,Q4,2020,2021-02-19 16:59:05,0.03,0.714,0.256,1.0
AAL,American Airlines Group,Industrials,Passenger Airlines,Q4,2020,2021-01-28 18:37:05,0.042,0.719,0.24,1.0
AEP,American Electric Power,Utilities,Electric Utilities,Q4,2020,2021-02-25 14:43:15,0.021,0.728,0.252,1.0
AXP,American Express,Financials,Consumer Finance,Q4,2020,2021-01-26 15:14:03,0.028,0.766,0.206,1.0
AIG,American International Group,Financials,Multi-line Insurance,Q4,2020,2021-02-17 00:00:00,0.053,0.732,0.216,1.0
AMT,American Tower,Real Estate,Telecom Tower REITs,Q4,2020,2021-02-04 18:07:07,0.022,0.772,0.206,1.0
AWK,American Water Works,Utilities,Water Utilities,Q4,2020,2021-02-25 17:58:07,0.022,0.713,0.265,1.0
AMP,Ameriprise Financial,Financials,Asset Management & Custody Banks,Q4,2020,2021-01-28 15:18:06,0.021,0.687,0.292,1.0
AME,Ametek,Industrials,Electrical Components & Equipment,Q4,2020,2021-02-04 12:25:08,0.032,0.721,0.247,1.0
AMGN,Amgen,Health Care,Biotechnology,Q4,2020,2021-02-02 21:26:03,0.039,0.738,0.224,1.0
APH,Amphenol,Information Technology,Electronic Components,Q4,2020,2021-01-27 20:22:11,0.025,0.714,0.261,1.0
ADI,Analog Devices,Information Technology,Semiconductors,Q4,2020,2020-11-24 15:56:06,0.038,0.722,0.24,1.0
ANSS,Ansys,Information Technology,Application Software,Q4,2020,2021-02-25 14:52:04,0.022,0.752,0.226,1.0
AON,Aon,Financials,Insurance Brokers,Q4,2020,2021-02-05 14:52:16,0.033,0.693,0.274,1.0
APA,APA Corporation,Energy,Oil & Gas Exploration & Production,Q4,2020,2021-02-25 17:36:05,0.051,0.741,0.208,1.0
AAPL,Apple Inc.,Information Technology,"Technology Hardware, Storage & Peripherals",Q4,2020,2020-10-29 23:40:53,0.043,0.736,0.221,1.0
AMAT,Applied Materials,Information Technology,Semiconductor Materials & Equipment,Q4,2020,2020-11-12 22:53:04,0.026,0.718,0.257,1.0
APTV,Aptiv,Consumer Discretionary,Automotive Parts & Equipment,Q4,2020,2021-02-03 13:34:06,0.018,0.726,0.256,1.0
ACGL,Arch Capital Group,Financials,Property & Casualty Insurance,Q4,2020,2021-02-11 00:09:07,0.043,0.747,0.21,1.0
ADM,Archer-Daniels-Midland,Consumer Staples,Agricultural Products & Services,Q4,2020,2021-01-26 13:05:03,0.036,0.714,0.251,1.0
ANET,Arista Networks,Information Technology,Communications Equipment,Q4,2020,2021-02-18 20:16:04,0.019,0.762,0.219,1.0
AJG,Arthur J. Gallagher & Co.,Financials,Insurance Brokers,Q4,2020,2021-01-28 22:26:05,0.038,0.715,0.247,1.0
AIZ,Assurant,Financials,Multi-line Insurance,Q4,2020,2021-02-10 13:18:04,0.037,0.722,0.241,1.0
T,AT&T,Communication Services,Integrated Telecommunication Services,Q4,2020,2021-01-27 12:56:04,0.037,0.726,0.237,1.0
ATO,Atmos Energy,Utilities,Gas Utilities,Q4,2020,2020-11-12 00:00:00,0.025,0.779,0.196,1.0
ADSK,Autodesk,Information Technology,Application Software,Q4,2020,2020-02-27 22:28:09,0.013,0.741,0.246,1.0
ADP,Automatic Data Processing,Industrials,Human Resource & Employment Services,Q4,2020,2020-07-29 17:00:00,0.062,0.711,0.227,1.0
AZO,AutoZone,Consumer Discretionary,Automotive Retail,Q4,2020,2020-09-22 15:11:07,0.05,0.727,0.224,1.0
AVB,AvalonBay Communities,Real Estate,Multi-Family Residential REITs,Q4,2020,2021-02-04 18:07:19,0.044,0.748,0.208,1.0
AVY,Avery Dennison,Materials,Paper & Plastic Packaging Products & Materials,Q4,2020,2021-02-03 19:59:02,0.025,0.738,0.236,1.0
AXON,Axon Enterprise,Industrials,Aerospace & Defense,Q4,2020,2021-02-25 23:08:03,0.027,0.706,0.267,1.0
BKR,Baker Hughes,Energy,Oil & Gas Equipment & Services,Q4,2020,2021-01-21 15:31:07,0.022,0.741,0.236,1.0
BALL,Ball Corporation,Materials,"Metal, Glass & Plastic Containers",Q4,2020,2021-02-04 17:54:04,0.018,0.742,0.24,1.0
BAC,Bank of America,Financials,Diversified Banks,Q4,2020,2021-01-19 16:50:02,0.043,0.735,0.223,1.0
BK,Bank of New York Mellon,Financials,Asset Management & Custody Banks,Q4,2020,2021-01-20 14:52:09,0.024,0.706,0.271,1.0
BBWI,"Bath & Body Works, Inc.",Consumer Discretionary,Other Specialty Retail,Q4,2020,2020-02-27 00:00:00,0.033,0.735,0.233,1.0
BAX,Baxter International,Health Care,Health Care Equipment,Q4,2020,2020-11-06 21:06:06,0.031,0.713,0.256,1.0
BDX,Becton Dickinson,Health Care,Health Care Equipment,Q4,2020,2020-11-05 17:53:11,0.034,0.731,0.235,1.0
BBY,Best Buy,Consumer Discretionary,Computer & Electronics Retail,Q4,2020,2020-02-27 13:59:07,0.037,0.72,0.243,1.0
BIO,Bio-Rad,Health Care,Life Sciences Tools & Services,Q4,2020,2021-02-11 23:33:11,0.043,0.741,0.216,1.0
TECH,Bio-Techne,Health Care,Life Sciences Tools & Services,Q4,2020,2020-08-04 18:43:05,0.034,0.747,0.219,1.0
BIIB,Biogen,Health Care,Biotechnology,Q4,2020,2021-02-03 13:25:41,0.031,0.779,0.191,1.0
BLK,BlackRock,Financials,Asset Management & Custody Banks,Q4,2020,2021-01-14 14:13:05,0.032,0.72,0.248,1.0
BX,Blackstone,Financials,Asset Management & Custody Banks,Q4,2020,2021-01-27 14:45:41,0.023,0.74,0.237,1.0
BA,Boeing,Industrials,Aerospace & Defense,Q4,2020,2021-01-27 15:52:17,0.048,0.746,0.206,1.0
BKNG,Booking Holdings,Consumer Discretionary,"Hotels, Resorts & Cruise Lines",Q4,2020,2021-02-24 23:48:13,0.053,0.735,0.212,1.0
BWA,BorgWarner,Consumer Discretionary,Automotive Parts & Equipment,Q4,2020,2021-02-11 17:00:54,0.016,0.778,0.206,1.0
BXP,Boston Properties,Real Estate,Office REITs,Q4,2020,2021-01-27 20:25:39,0.036,0.79,0.174,1.0
BSX,Boston Scientific,Health Care,Health Care Equipment,Q4,2020,2021-02-27 16:49:03,0.042,0.757,0.201,0.9999
BMY,Bristol Myers Squibb,Health Care,Pharmaceuticals,Q4,2020,2021-02-04 17:13:06,0.023,0.721,0.256,1.0
AVGO,Broadcom Inc.,Information Technology,Semiconductors,Q4,2020,2020-12-10 20:21:06,0.02,0.798,0.182,1.0
BR,Broadridge Financial Solutions,Industrials,Data Processing & Outsourced Services,Q4,2020,2020-08-11 13:19:13,0.033,0.691,0.277,1.0
BRO,Brown & Brown,Financials,Insurance Brokers,Q4,2020,2021-01-26 14:35:37,0.023,0.756,0.221,1.0
BF.B,Brown–Forman,Consumer Staples,Distillers & Vintners,Q4,2020,2020-06-09 16:01:01,0.048,0.735,0.218,1.0
BLDR,Builders FirstSource,Industrials,Building Products,Q4,2020,2021-02-26 18:51:06,0.026,0.69,0.284,1.0
BG,Bunge Global SA,Consumer Staples,Agricultural Products & Services,Q4,2020,2021-02-11 00:05:53,0.053,0.706,0.241,1.0
CDNS,Cadence Design Systems,Information Technology,Application Software,Q4,2020,2021-02-22 23:18:04,0.015,0.719,0.266,1.0
CZR,Caesars Entertainment,Consumer Discretionary,Casinos & Gaming,Q4,2020,2021-02-25 22:15:47,0.028,0.773,0.199,1.0
CPT,Camden Property Trust,Real Estate,Multi-Family Residential REITs,Q4,2020,2021-02-05 18:56:06,0.048,0.752,0.2,1.0
CPB,Campbell Soup Company,Consumer Staples,Packaged Foods & Meats,Q4,2020,2020-09-03 12:03:04,0.036,0.705,0.259,1.0
COF,Capital One,Financials,Consumer Finance,Q4,2020,2021-01-26 23:46:05,0.038,0.68,0.282,1.0
CAH,Cardinal Health,Health Care,Health Care Distributors,Q4,2020,2020-08-06 12:40:06,0.034,0.729,0.237,1.0
KMX,CarMax,Consumer Discretionary,Automotive Retail,Q4,2020,2020-04-02 14:31:16,0.039,0.725,0.236,1.0
CCL,Carnival,Consumer Discretionary,"Hotels, Resorts & Cruise Lines",Q4,2020,2021-01-11 14:23:06,0.026,0.759,0.215,1.0
CARR,Carrier Global,Industrials,Building Products,Q4,2020,2021-02-09 14:33:04,0.029,0.706,0.265,1.0
CTLT,Catalent,Health Care,Pharmaceuticals,Q4,2020,2020-08-31 16:25:52,0.023,0.775,0.203,1.0
CAT,Caterpillar Inc.,Industrials,Construction Machinery & Heavy Transportation Equipment,Q4,2020,2021-01-29 15:00:30,0.044,0.715,0.241,1.0
CBOE,Cboe Global Markets,Financials,Financial Exchanges & Data,Q4,2020,2021-02-05 15:25:19,0.016,0.717,0.267,1.0
CBRE,CBRE Group,Real Estate,Real Estate Services,Q4,2020,2021-02-23 14:32:17,0.028,0.731,0.241,1.0
CDW,CDW,Information Technology,Technology Distributors,Q4,2020,2021-02-10 13:27:07,0.036,0.713,0.251,1.0
CE,Celanese,Materials,Specialty Chemicals,Q4,2020,2021-01-29 16:25:08,0.039,0.725,0.236,1.0
COR,Cencora,Health Care,Health Care Distributors,Q4,2020,2021-02-04 18:07:07,0.022,0.77,0.207,1.0
CNC,Centene Corporation,Health Care,Managed Health Care,Q4,2020,2021-02-09 12:59:08,0.027,0.749,0.224,1.0
CNP,CenterPoint Energy,Utilities,Multi-Utilities,Q4,2020,2021-02-25 11:42:09,0.035,0.712,0.253,1.0
CF,CF Industries,Materials,Fertilizers & Agricultural Chemicals,Q4,2020,2021-02-18 14:24:04,0.046,0.731,0.223,1.0
CHRW,CH Robinson,Industrials,Air Freight & Logistics,Q4,2020,2021-01-27 15:13:07,0.032,0.751,0.217,1.0
CRL,Charles River Laboratories,Health Care,Life Sciences Tools & Services,Q4,2020,2021-02-17 15:25:41,0.034,0.735,0.231,1.0
CHTR,Charter Communications,Communication Services,Cable & Satellite,Q4,2020,2021-01-29 14:54:04,0.034,0.77,0.196,0.9999
CVX,Chevron Corporation,Energy,Integrated Oil & Gas,Q4,2020,2021-01-29 18:13:09,0.044,0.738,0.217,1.0
CMG,Chipotle Mexican Grill,Consumer Discretionary,Restaurants,Q4,2020,2021-02-02 21:07:07,0.017,0.725,0.258,1.0
CB,Chubb Limited,Financials,Property & Casualty Insurance,Q4,2020,2021-02-03 12:30:37,0.073,0.713,0.214,1.0
CHD,Church & Dwight,Consumer Staples,Household Products,Q4,2020,2021-01-29 14:19:11,0.023,0.723,0.254,1.0
CI,Cigna,Health Care,Health Care Services,Q4,2020,2021-02-04 11:27:08,0.023,0.733,0.243,1.0
CINF,Cincinnati Financial,Financials,Property & Casualty Insurance,Q4,2020,2021-02-11 16:22:05,0.05,0.732,0.218,0.9999
CTAS,Cintas,Industrials,Diversified Support Services,Q4,2020,2020-07-23 00:00:00,0.043,0.741,0.216,1.0
CSCO,Cisco,Information Technology,Communications Equipment,Q4,2020,2020-08-12 19:29:12,0.026,0.733,0.241,1.0
C,Citigroup,Financials,Diversified Banks,Q4,2020,2021-01-15 20:30:37,0.053,0.709,0.238,1.0
CFG,Citizens Financial Group,Financials,Regional Banks,Q4,2020,2021-02-19 14:24:10,0.029,0.775,0.196,0.9991
CLX,Clorox,Consumer Staples,Household Products,Q4,2020,2020-08-03 22:58:07,0.039,0.659,0.302,1.0
CME,CME Group,Financials,Financial Exchanges & Data,Q4,2020,2021-02-10 17:32:08,0.018,0.718,0.264,1.0
CMS,CMS Energy,Utilities,Multi-Utilities,Q4,2020,2021-02-04 18:11:09,0.022,0.726,0.252,1.0
KO,Coca-Cola Company (The),Consumer Staples,Soft Drinks & Non-alcoholic Beverages,Q4,2020,2021-02-10 13:25:47,0.031,0.719,0.25,1.0
CTSH,Cognizant,Information Technology,IT Consulting & Other Services,Q4,2020,2021-02-03 20:34:20,0.035,0.716,0.25,1.0
CL,Colgate-Palmolive,Consumer Staples,Household Products,Q4,2020,2021-01-29 13:02:05,0.037,0.673,0.29,1.0
CMCSA,Comcast,Communication Services,Cable & Satellite,Q4,2020,2021-01-28 14:31:06,0.02,0.736,0.245,1.0
CMA,Comerica,Financials,Diversified Banks,Q4,2020,2021-01-19 13:50:33,0.034,0.715,0.252,1.0
CAG,Conagra Brands,Consumer Staples,Packaged Foods & Meats,Q4,2020,2020-06-30 14:33:10,0.033,0.725,0.241,1.0
COP,ConocoPhillips,Energy,Oil & Gas Exploration & Production,Q4,2020,2021-02-02 19:28:07,0.028,0.721,0.252,1.0
STZ,Constellation Brands,Consumer Staples,Distillers & Vintners,Q4,2020,2020-04-03 17:56:13,0.031,0.724,0.245,1.0
COO,CooperCompanies,Health Care,Health Care Supplies,Q4,2020,2020-12-03 23:50:58,0.025,0.729,0.246,1.0
CPRT,Copart,Industrials,Diversified Support Services,Q4,2020,2020-09-03 17:27:05,0.047,0.73,0.223,1.0
GLW,Corning Inc.,Information Technology,Electronic Components,Q4,2020,2021-01-27 11:45:35,0.026,0.721,0.253,1.0
CPAY,Corpay,Financials,Transaction & Payment Processing Services,Q4,2020,2021-02-04 00:00:00,0.038,0.757,0.205,1.0
CTVA,Corteva,Materials,Fertilizers & Agricultural Chemicals,Q4,2020,2021-02-04 13:09:05,0.02,0.73,0.25,1.0
CSGP,CoStar Group,Real Estate,Real Estate Services,Q4,2020,2021-02-24 01:35:44,0.028,0.752,0.22,1.0
COST,Costco,Consumer Staples,Consumer Staples Merchandise Retail,Q4,2020,2020-09-25 01:56:06,0.041,0.754,0.205,1.0
CTRA,Coterra,Energy,Oil & Gas Exploration & Production,Q4,2020,2021-02-23 17:03:09,0.029,0.709,0.262,1.0
CCI,Crown Castle,Real Estate,Telecom Tower REITs,Q4,2020,2021-01-28 00:00:00,0.02,0.761,0.219,1.0
CSX,CSX,Industrials,Rail Transportation,Q4,2020,2021-01-21 18:27:05,0.031,0.719,0.25,1.0
CMI,Cummins,Industrials,Construction Machinery & Heavy Transportation Equipment,Q4,2020,2020-11-12 18:37:06,0.029,0.777,0.194,1.0
CVS,CVS Health,Health Care,Health Care Services,Q4,2020,2021-02-16 12:43:22,0.046,0.718,0.237,1.0
DHR,Danaher Corporation,Health Care,Life Sciences Tools & Services,Q4,2020,2021-01-28 14:49:05,0.028,0.765,0.207,1.0
DRI,Darden Restaurants,Consumer Discretionary,Restaurants,Q4,2020,2020-06-25 17:57:11,0.035,0.74,0.224,1.0
DVA,DaVita Inc.,Health Care,Health Care Services,Q4,2020,2021-02-11 22:25:36,0.054,0.725,0.221,1.0
DAY,Dayforce,Industrials,Human Resource & Employment Services,Q4,2020,2021-02-09 00:00:00,0.025,0.769,0.206,1.0
DECK,Deckers Brands,Consumer Discretionary,Footwear,Q4,2020,2020-05-21 23:15:50,0.04,0.764,0.197,1.0
DE,John Deere,Industrials,Agricultural & Farm Machinery,Q4,2020,2020-11-25 14:01:08,0.031,0.742,0.227,1.0
DAL,Delta Air Lines,Industrials,Passenger Airlines,Q4,2020,2021-01-14 14:03:04,0.042,0.744,0.214,1.0
DVN,Devon Energy,Energy,Oil & Gas Exploration & Production,Q4,2020,2021-02-17 14:09:09,0.026,0.717,0.257,1.0
DXCM,Dexcom,Health Care,Health Care Equipment,Q4,2020,2021-02-11 23:54:06,0.022,0.763,0.215,1.0
FANG,Diamondback Energy,Energy,Oil & Gas Exploration & Production,Q4,2020,2021-02-23 16:19:04,0.053,0.729,0.218,1.0
DLR,Digital Realty,Real Estate,Data Center REITs,Q4,2020,2021-02-12 00:19:02,0.03,0.75,0.219,1.0
DFS,Discover Financial,Financials,Consumer Finance,Q4,2020,2021-01-21 14:33:16,0.037,0.718,0.245,1.0
DG,Dollar General,Consumer Staples,Consumer Staples Merchandise Retail,Q4,2020,2020-03-12 00:00:00,0.025,0.715,0.26,1.0
DLTR,Dollar Tree,Consumer Staples,Consumer Staples Merchandise Retail,Q4,2020,2020-03-04 00:00:00,0.03,0.774,0.196,1.0
D,Dominion Energy,Utilities,Multi-Utilities,Q4,2020,2021-02-12 16:27:08,0.019,0.766,0.215,1.0
DPZ,Domino's,Consumer Discretionary,Restaurants,Q4,2020,2021-02-25 14:10:10,0.029,0.718,0.253,1.0
DOV,Dover Corporation,Industrials,Industrial Machinery & Supplies & Components,Q4,2020,2021-01-28 16:51:12,0.034,0.764,0.202,1.0
DOW,Dow Inc.,Materials,Commodity Chemicals,Q4,2020,2021-01-28 12:10:08,0.032,0.733,0.235,1.0
DHI,DR Horton,Consumer Discretionary,Homebuilding,Q4,2020,2020-11-10 13:20:21,0.031,0.751,0.218,1.0
DTE,DTE Energy,Utilities,Multi-Utilities,Q4,2020,2021-02-19 14:50:11,0.017,0.71,0.273,1.0
DUK,Duke Energy,Utilities,Electric Utilities,Q4,2020,2021-02-11 16:30:38,0.011,0.7,0.289,1.0
DD,DuPont,Materials,Specialty Chemicals,Q4,2020,2021-02-09 13:39:04,0.037,0.755,0.208,1.0
EMN,Eastman Chemical Company,Materials,Specialty Chemicals,Q4,2020,2021-01-29 13:03:07,0.049,0.711,0.24,1.0
ETN,Eaton Corporation,Industrials,Electrical Components & Equipment,Q4,2020,2021-02-02 17:49:05,0.019,0.726,0.255,1.0
EBAY,eBay,Consumer Discretionary,Broadline Retail,Q4,2020,2021-02-03 23:15:10,0.016,0.706,0.278,1.0
ECL,Ecolab,Materials,Specialty Chemicals,Q4,2020,2021-02-16 19:02:06,0.02,0.644,0.336,1.0
EIX,Edison International,Utilities,Electric Utilities,Q4,2020,2021-02-25 19:40:34,0.03,0.746,0.224,1.0
EW,Edwards Lifesciences,Health Care,Health Care Equipment,Q4,2020,2021-01-27 23:00:04,0.038,0.703,0.259,0.9998
EA,Electronic Arts,Communication Services,Interactive Home Entertainment,Q4,2020,2020-05-05 22:04:15,0.03,0.741,0.23,1.0
ELV,Elevance Health,Health Care,Managed Health Care,Q4,2020,2021-01-27 16:24:05,0.025,0.724,0.251,1.0
LLY,Eli Lilly and Company,Health Care,Pharmaceuticals,Q4,2020,2021-01-29 15:31:07,0.031,0.743,0.226,1.0
EMR,Emerson Electric,Industrials,Electrical Components & Equipment,Q4,2020,2020-11-03 23:13:03,0.03,0.753,0.218,1.0
ENPH,Enphase,Information Technology,Semiconductor Materials & Equipment,Q4,2020,2021-02-10 00:11:04,0.029,0.759,0.211,1.0
ETR,Entergy,Utilities,Electric Utilities,Q4,2020,2021-02-24 16:57:08,0.035,0.747,0.218,1.0
EOG,EOG Resources,Energy,Oil & Gas Exploration & Production,Q4,2020,2021-02-26 13:27:07,0.04,0.703,0.257,1.0
EPAM,EPAM Systems,Information Technology,IT Consulting & Other Services,Q4,2020,2021-02-18 12:51:08,0.025,0.713,0.262,1.0
EQT,EQT Corporation,Energy,Oil & Gas Exploration & Production,Q4,2020,2021-02-17 17:06:07,0.03,0.741,0.229,1.0
EFX,Equifax,Industrials,Research & Consulting Services,Q4,2020,2021-02-11 21:38:08,0.03,0.719,0.251,1.0
EQIX,Equinix,Real Estate,Data Center REITs,Q4,2020,2021-02-10 21:10:07,0.021,0.759,0.221,1.0
EQR,Equity Residential,Real Estate,Multi-Family Residential REITs,Q4,2020,2021-02-11 19:12:05,0.046,0.715,0.239,1.0
ESS,Essex Property Trust,Real Estate,Multi-Family Residential REITs,Q4,2020,2021-02-05 22:02:05,0.054,0.719,0.227,1.0
EL,Estée Lauder Companies (The),Consumer Staples,Personal Care Products,Q4,2020,2020-08-20 18:13:08,0.026,0.733,0.241,1.0
ETSY,Etsy,Consumer Discretionary,Broadline Retail,Q4,2020,2021-02-25 21:44:06,0.012,0.748,0.24,1.0
EVRG,Evergy,Utilities,Electric Utilities,Q4,2020,2021-02-26 14:35:39,0.024,0.737,0.239,1.0
ES,Eversource,Utilities,Electric Utilities,Q4,2020,2021-02-17 14:42:06,0.02,0.761,0.219,1.0
EXC,Exelon,Utilities,Electric Utilities,Q4,2020,2021-02-24 16:49:46,0.035,0.719,0.245,1.0
EXPE,Expedia Group,Consumer Discretionary,"Hotels, Resorts & Cruise Lines",Q4,2020,2021-02-11 23:04:08,0.032,0.7,0.268,1.0
EXR,Extra Space Storage,Real Estate,Self-Storage REITs,Q4,2020,2021-02-23 18:08:05,0.044,0.734,0.221,1.0
XOM,ExxonMobil,Energy,Integrated Oil & Gas,Q4,2020,2021-02-02 21:55:03,0.048,0.709,0.244,1.0
FFIV,"F5, Inc.",Information Technology,Communications Equipment,Q4,2020,2020-10-26 23:39:05,0.025,0.724,0.252,1.0
FDS,FactSet,Financials,Financial Exchanges & Data,Q4,2020,2020-09-24 15:37:09,0.018,0.721,0.261,1.0
FICO,Fair Isaac,Information Technology,Application Software,Q4,2020,2020-11-10 23:48:03,0.024,0.752,0.224,1.0
FAST,Fastenal,Industrials,Trading Companies & Distributors,Q4,2020,2021-01-20 16:25:37,0.051,0.751,0.197,1.0
FRT,Federal Realty,Real Estate,Retail REITs,Q4,2020,2021-02-12 14:54:03,0.06,0.711,0.229,1.0
FDX,FedEx,Industrials,Air Freight & Logistics,Q4,2020,2020-07-01 02:24:05,0.032,0.753,0.215,1.0
FIS,Fidelity National Information Services,Financials,Transaction & Payment Processing Services,Q4,2020,2021-02-09 15:16:17,0.02,0.726,0.253,1.0
FITB,Fifth Third Bank,Financials,Diversified Banks,Q4,2020,2021-01-21 14:27:04,0.044,0.71,0.246,1.0
FSLR,First Solar,Information Technology,Semiconductors,Q4,2020,2021-02-26 00:35:07,0.05,0.775,0.175,1.0
FE,FirstEnergy,Utilities,Electric Utilities,Q4,2020,2021-02-18 14:56:04,0.018,0.733,0.249,1.0
FI,Fiserv,Financials,Transaction & Payment Processing Services,Q4,2020,2021-02-23 17:21:03,0.042,0.757,0.201,0.9999
FMC,FMC Corporation,Materials,Fertilizers & Agricultural Chemicals,Q4,2020,2021-02-10 15:33:08,0.045,0.719,0.236,1.0
F,Ford Motor Company,Consumer Discretionary,Automobile Manufacturers,Q4,2020,2021-02-04 23:05:38,0.026,0.744,0.23,1.0
FTNT,Fortinet,Information Technology,Systems Software,Q4,2020,2021-02-04 21:30:42,0.028,0.714,0.258,1.0
FTV,Fortive,Industrials,Industrial Machinery & Supplies & Components,Q4,2020,2021-02-05 00:27:05,0.024,0.699,0.278,1.0
FOXA,Fox Corporation (Class A),Communication Services,Broadcasting,Q4,2020,2020-08-04 23:11:08,0.025,0.796,0.179,1.0
FOX,Fox Corporation (Class B),Communication Services,Broadcasting,Q4,2020,2020-08-04 23:11:08,0.025,0.796,0.179,1.0
BEN,Franklin Templeton,Financials,Asset Management & Custody Banks,Q4,2020,2020-10-27 17:41:06,0.027,0.73,0.243,1.0
FCX,Freeport-McMoRan,Materials,Copper,Q4,2020,2021-01-26 17:07:08,0.04,0.746,0.214,1.0
GRMN,Garmin,Consumer Discretionary,Consumer Electronics,Q4,2020,2021-02-17 15:35:37,0.032,0.686,0.282,1.0
IT,Gartner,Information Technology,IT Consulting & Other Services,Q4,2020,2021-02-09 13:34:04,0.021,0.728,0.25,1.0
GE,GE Aerospace,Industrials,Aerospace & Defense,Q4,2020,2021-01-26 13:38:07,0.031,0.75,0.218,1.0
GEN,Gen Digital,Information Technology,Systems Software,Q4,2020,2020-05-14 22:10:04,0.042,0.724,0.233,1.0
GNRC,Generac,Industrials,Electrical Components & Equipment,Q4,2020,2021-02-11 19:43:06,0.028,0.73,0.242,1.0
GD,General Dynamics,Industrials,Aerospace & Defense,Q4,2020,2021-01-27 13:54:04,0.044,0.744,0.212,1.0
GIS,General Mills,Consumer Staples,Packaged Foods & Meats,Q4,2020,2020-07-01 14:30:50,0.031,0.707,0.262,1.0
GM,General Motors,Consumer Discretionary,Automobile Manufacturers,Q4,2020,2021-02-10 13:58:05,0.029,0.725,0.247,1.0
GPC,Genuine Parts Company,Consumer Discretionary,Distributors,Q4,2020,2021-02-17 14:37:05,0.032,0.718,0.25,1.0
GILD,Gilead Sciences,Health Care,Biotechnology,Q4,2020,2021-02-05 00:43:03,0.05,0.738,0.212,1.0
GPN,Global Payments,Financials,Transaction & Payment Processing Services,Q4,2020,2021-02-28 04:09:06,0.02,0.758,0.222,1.0
GL,Globe Life,Financials,Life & Health Insurance,Q4,2020,2021-02-03 16:52:07,0.048,0.766,0.186,0.9999
GS,Goldman Sachs,Financials,Investment Banking & Brokerage,Q4,2020,2021-01-19 15:29:09,0.028,0.742,0.23,1.0
HAL,Halliburton,Energy,Oil & Gas Equipment & Services,Q4,2020,2021-01-19 14:11:05,0.032,0.699,0.269,1.0
HIG,Hartford (The),Financials,Property & Casualty Insurance,Q4,2020,2021-02-05 13:18:03,0.063,0.712,0.225,1.0
HAS,Hasbro,Consumer Discretionary,Leisure Products,Q4,2020,2021-02-08 15:38:04,0.026,0.713,0.261,1.0
HCA,HCA Healthcare,Health Care,Health Care Facilities,Q4,2020,2021-02-02 15:25:13,0.033,0.734,0.233,1.0
DOC,Healthpeak,Real Estate,Health Care REITs,Q4,2020,2021-02-25 15:29:04,0.026,0.719,0.255,1.0
HSIC,Henry Schein,Health Care,Health Care Distributors,Q4,2020,2021-02-17 15:29:07,0.021,0.772,0.208,1.0
HSY,Hershey's,Consumer Staples,Packaged Foods & Meats,Q4,2020,2021-02-04 13:20:42,0.022,0.693,0.285,1.0
HES,Hess Corporation,Energy,Integrated Oil & Gas,Q4,2020,2021-01-27 14:12:04,0.041,0.763,0.196,1.0
HPE,Hewlett Packard Enterprise,Information Technology,"Technology Hardware, Storage & Peripherals",Q4,2020,2020-12-01 23:55:03,0.028,0.705,0.267,1.0
HLT,Hilton Worldwide,Consumer Discretionary,"Hotels, Resorts & Cruise Lines",Q4,2020,2021-02-17 15:20:44,0.041,0.722,0.236,1.0
HOLX,Hologic,Health Care,Health Care Equipment,Q4,2020,2020-11-04 23:21:05,0.026,0.752,0.221,1.0
HD,Home Depot (The),Consumer Discretionary,Home Improvement Retail,Q4,2020,2021-02-23 13:29:11,0.036,0.741,0.223,1.0
HON,Honeywell,Industrials,Industrial Conglomerates,Q4,2020,2021-01-29 15:51:03,0.035,0.698,0.267,1.0
HRL,Hormel Foods,Consumer Staples,Packaged Foods & Meats,Q4,2020,2020-11-24 17:07:04,0.039,0.706,0.255,1.0
HST,Host Hotels & Resorts,Real Estate,Hotel & Resort REITs,Q4,2020,2021-02-19 16:04:08,0.035,0.744,0.222,1.0
HWM,Howmet Aerospace,Industrials,Aerospace & Defense,Q4,2020,2021-02-03 15:25:06,0.027,0.761,0.212,1.0
HPQ,HP Inc.,Information Technology,"Technology Hardware, Storage & Peripherals",Q4,2020,2020-11-24 00:00:00,0.036,0.734,0.23,1.0
HUBB,Hubbell Incorporated,Industrials,Industrial Machinery & Supplies & Components,Q4,2020,2021-02-02 15:17:07,0.03,0.723,0.247,1.0
HUM,Humana,Health Care,Managed Health Care,Q4,2020,2021-02-03 12:28:10,0.037,0.75,0.213,1.0
HBAN,Huntington Bancshares,Financials,Regional Banks,Q4,2020,2021-01-22 16:56:07,0.032,0.719,0.249,1.0
HII,Huntington Ingalls Industries,Industrials,Aerospace & Defense,Q4,2020,2021-02-11 13:57:14,0.031,0.716,0.253,1.0
IBM,IBM,Information Technology,IT Consulting & Other Services,Q4,2020,2021-01-21 22:18:04,0.022,0.757,0.221,1.0
IEX,IDEX Corporation,Industrials,Industrial Machinery & Supplies & Components,Q4,2020,2021-02-04 15:25:47,0.038,0.712,0.249,1.0
IDXX,Idexx Laboratories,Health Care,Health Care Equipment,Q4,2020,2021-02-02 11:42:03,0.024,0.677,0.299,1.0
ITW,Illinois Tool Works,Industrials,Industrial Machinery & Supplies & Components,Q4,2020,2021-02-05 18:34:04,0.023,0.729,0.248,1.0
ILMN,Illumina,Health Care,Life Sciences Tools & Services,Q4,2020,2021-02-11 22:55:03,0.037,0.782,0.181,1.0
INCY,Incyte,Health Care,Biotechnology,Q4,2020,2021-02-09 14:35:38,0.025,0.757,0.218,1.0
IR,Ingersoll Rand,Industrials,Industrial Machinery & Supplies & Components,Q4,2020,2021-02-23 13:20:42,0.018,0.691,0.291,1.0
PODD,Insulet,Health Care,Health Care Equipment,Q4,2020,2021-02-23 23:54:28,0.027,0.699,0.275,1.0
INTC,Intel,Information Technology,Semiconductors,Q4,2020,2021-01-22 00:58:06,0.03,0.71,0.259,1.0
ICE,Intercontinental Exchange,Financials,Financial Exchanges & Data,Q4,2020,2021-02-04 15:40:04,0.012,0.773,0.215,1.0
IFF,International Flavors & Fragrances,Materials,Specialty Chemicals,Q4,2020,2021-02-11 16:38:11,0.019,0.697,0.284,1.0
IP,International Paper,Materials,Paper & Plastic Packaging Products & Materials,Q4,2020,2021-02-04 13:35:34,0.041,0.711,0.248,1.0
IPG,Interpublic Group of Companies (The),Communication Services,Advertising,Q4,2020,2021-02-10 13:41:07,0.023,0.725,0.253,1.0
INTU,Intuit,Information Technology,Application Software,Q4,2020,2020-08-26 01:00:53,0.023,0.715,0.262,1.0
ISRG,Intuitive Surgical,Health Care,Health Care Equipment,Q4,2020,2021-01-21 19:53:04,0.034,0.747,0.22,1.0
IVZ,Invesco,Financials,Asset Management & Custody Banks,Q4,2020,2021-01-26 15:36:05,0.032,0.709,0.259,1.0
INVH,Invitation Homes,Real Estate,Single-Family Residential REITs,Q4,2020,2021-02-17 16:25:38,0.04,0.71,0.25,1.0
IQV,IQVIA,Health Care,Life Sciences Tools & Services,Q4,2020,2021-02-10 12:45:10,0.027,0.748,0.225,1.0
IRM,Iron Mountain,Real Estate,Other Specialized REITs,Q4,2020,2021-02-24 15:10:05,0.022,0.732,0.245,1.0
JBHT,J.B. Hunt,Industrials,Cargo Ground Transportation,Q4,2020,2021-01-19 21:53:10,0.028,0.738,0.234,1.0
JBL,Jabil,Information Technology,Electronic Manufacturing Services,Q4,2020,2020-09-24 16:11:06,0.026,0.73,0.244,1.0
JKHY,Jack Henry & Associates,Financials,Transaction & Payment Processing Services,Q4,2020,2020-08-19 13:42:10,0.033,0.755,0.212,1.0
J,Jacobs Solutions,Industrials,Construction & Engineering,Q4,2020,2020-11-24 17:34:02,0.03,0.726,0.244,1.0
JNJ,Johnson & Johnson,Health Care,Pharmaceuticals,Q4,2020,2021-01-26 14:02:20,0.028,0.715,0.257,1.0
JCI,Johnson Controls,Industrials,Building Products,Q4,2020,2020-11-03 14:11:00,0.023,0.718,0.258,1.0
JPM,JPMorgan Chase,Financials,Diversified Banks,Q4,2020,2021-01-15 17:39:07,0.044,0.74,0.216,1.0
JNPR,Juniper Networks,Information Technology,Communications Equipment,Q4,2020,2021-01-29 00:03:05,0.021,0.699,0.28,1.0
K,Kellanova,Consumer Staples,Packaged Foods & Meats,Q4,2020,2021-02-11 13:57:05,0.045,0.694,0.261,1.0
KDP,Keurig Dr Pepper,Consumer Staples,Soft Drinks & Non-alcoholic Beverages,Q4,2020,2021-02-25 12:30:03,0.023,0.736,0.241,1.0
KEY,KeyCorp,Financials,Regional Banks,Q4,2020,2021-01-21 15:35:40,0.028,0.741,0.231,1.0
KEYS,Keysight,Information Technology,Electronic Equipment & Instruments,Q4,2020,2020-11-18 20:55:56,0.033,0.728,0.239,1.0
KMB,Kimberly-Clark,Consumer Staples,Household Products,Q4,2020,2021-01-25 15:04:10,0.023,0.701,0.276,1.0
KIM,Kimco Realty,Real Estate,Retail REITs,Q4,2020,2021-02-11 17:20:06,0.033,0.714,0.253,1.0
KMI,Kinder Morgan,Energy,Oil & Gas Storage & Transportation,Q4,2020,2021-01-20 22:32:06,0.043,0.725,0.231,1.0
KLAC,KLA Corporation,Information Technology,Semiconductor Materials & Equipment,Q4,2020,2020-08-03 23:34:07,0.026,0.708,0.266,1.0
KHC,Kraft Heinz,Consumer Staples,Packaged Foods & Meats,Q4,2020,2021-02-11 13:56:03,0.014,0.719,0.267,1.0
KR,Kroger,Consumer Staples,Food Retail,Q4,2020,2020-03-05 00:00:00,0.023,0.696,0.281,1.0
LHX,L3Harris,Industrials,Aerospace & Defense,Q4,2020,2021-01-29 14:37:04,0.015,0.724,0.262,1.0
LH,LabCorp,Health Care,Health Care Services,Q4,2020,2021-02-11 14:25:16,0.025,0.768,0.207,1.0
LRCX,Lam Research,Information Technology,Semiconductor Materials & Equipment,Q4,2020,2020-07-30 00:11:08,0.027,0.716,0.257,1.0
LW,Lamb Weston,Consumer Staples,Packaged Foods & Meats,Q4,2020,2020-07-28 17:15:48,0.077,0.736,0.187,1.0
LVS,Las Vegas Sands,Consumer Discretionary,Casinos & Gaming,Q4,2020,2021-01-28 05:42:06,0.053,0.689,0.258,1.0
LDOS,Leidos,Industrials,Diversified Support Services,Q4,2020,2021-02-23 11:58:07,0.026,0.748,0.226,1.0
LEN,Lennar,Consumer Discretionary,Homebuilding,Q4,2020,2020-12-17 00:00:00,0.048,0.739,0.213,1.0
LIN,Linde plc,Materials,Industrial Gases,Q4,2020,2021-02-05 18:16:08,0.027,0.722,0.252,1.0
LYV,Live Nation Entertainment,Communication Services,Movies & Entertainment,Q4,2020,2021-02-25 23:01:16,0.026,0.773,0.201,0.9999
LKQ,LKQ Corporation,Consumer Discretionary,Distributors,Q4,2020,2021-02-18 13:03:04,0.032,0.727,0.241,1.0
LMT,Lockheed Martin,Industrials,Aerospace & Defense,Q4,2020,2021-01-26 17:28:07,0.033,0.734,0.233,1.0
L,Loews Corporation,Financials,Multi-line Insurance,Q4,2020,2021-02-08 16:17:07,0.066,0.725,0.21,1.0
LOW,Lowe's,Consumer Discretionary,Home Improvement Retail,Q4,2020,2020-02-26 00:00:00,0.026,0.733,0.241,1.0
LULU,Lululemon Athletica,Consumer Discretionary,"Apparel, Accessories & Luxury Goods",Q4,2020,2021-03-30 00:00:00,0.018,0.736,0.246,1.0
LYB,LyondellBasell,Materials,Specialty Chemicals,Q4,2020,2021-01-29 18:46:16,0.05,0.745,0.205,1.0
MTB,M&T Bank,Financials,Regional Banks,Q4,2020,2021-01-21 17:53:07,0.034,0.783,0.183,1.0
MRO,Marathon Oil,Energy,Oil & Gas Exploration & Production,Q4,2020,2021-02-23 14:45:37,0.041,0.739,0.22,1.0
MPC,Marathon Petroleum,Energy,Oil & Gas Refining & Marketing,Q4,2020,2021-02-02 15:18:04,0.025,0.756,0.219,1.0
MKTX,MarketAxess,Financials,Financial Exchanges & Data,Q4,2020,2021-01-27 17:00:04,0.023,0.741,0.236,1.0
MAR,Marriott International,Consumer Discretionary,"Hotels, Resorts & Cruise Lines",Q4,2020,2021-02-18 15:27:15,0.046,0.729,0.226,1.0
MMC,Marsh McLennan,Financials,Insurance Brokers,Q4,2020,2021-01-28 15:02:10,0.046,0.694,0.26,1.0
MLM,Martin Marietta Materials,Materials,Construction Materials,Q4,2020,2021-02-09 15:27:11,0.027,0.75,0.223,1.0
MAS,Masco,Industrials,Building Products,Q4,2020,2021-02-09 13:50:51,0.023,0.698,0.279,1.0
MA,Mastercard,Financials,Transaction & Payment Processing Services,Q4,2020,2021-01-28 20:39:06,0.029,0.744,0.227,1.0
MTCH,Match Group,Communication Services,Interactive Media & Services,Q4,2020,2021-02-03 14:33:06,0.027,0.726,0.248,1.0
MKC,McCormick & Company,Consumer Staples,Packaged Foods & Meats,Q4,2020,2021-01-28 14:24:04,0.039,0.699,0.262,1.0
MCD,McDonald's,Consumer Discretionary,Restaurants,Q4,2020,2021-01-28 13:44:08,0.024,0.723,0.254,1.0
MCK,McKesson Corporation,Health Care,Health Care Distributors,Q4,2020,2020-05-20 12:49:05,0.036,0.735,0.229,1.0
MDT,Medtronic,Health Care,Health Care Equipment,Q4,2020,2020-05-21 15:22:08,0.037,0.721,0.242,1.0
MRK,Merck & Co.,Health Care,Pharmaceuticals,Q4,2020,2021-02-04 13:27:11,0.048,0.726,0.226,1.0
META,Meta Platforms,Communication Services,Interactive Media & Services,Q4,2020,2021-01-27 20:50:05,0.027,0.724,0.249,1.0
MET,MetLife,Financials,Life & Health Insurance,Q4,2020,2021-02-04 12:48:09,0.044,0.724,0.232,1.0
MTD,Mettler Toledo,Health Care,Life Sciences Tools & Services,Q4,2020,2021-02-04 22:46:04,0.027,0.684,0.289,1.0
MGM,MGM Resorts,Consumer Discretionary,Casinos & Gaming,Q4,2020,2021-02-10 23:55:43,0.022,0.711,0.267,1.0
MCHP,Microchip Technology,Information Technology,Semiconductors,Q4,2020,2020-05-08 17:00:00,0.08,0.762,0.157,0.9999
MU,Micron Technology,Information Technology,Semiconductors,Q4,2020,2020-09-29 23:20:50,0.054,0.719,0.227,1.0
MSFT,Microsoft,Information Technology,Systems Software,Q4,2020,2020-07-22 21:28:06,0.029,0.714,0.257,1.0
MAA,Mid-America Apartment Communities,Real Estate,Multi-Family Residential REITs,Q4,2020,2021-02-04 16:36:08,0.054,0.714,0.232,1.0
MRNA,Moderna,Health Care,Biotechnology,Q4,2020,2021-02-25 14:41:04,0.035,0.793,0.172,1.0
MHK,Mohawk Industries,Consumer Discretionary,Home Furnishings,Q4,2020,2021-02-12 16:20:07,0.043,0.734,0.223,1.0
MOH,Molina Healthcare,Health Care,Managed Health Care,Q4,2020,2021-02-11 13:42:07,0.031,0.742,0.227,1.0
TAP,Molson Coors Beverage Company,Consumer Staples,Brewers,Q4,2020,2021-02-11 19:16:03,0.033,0.725,0.242,1.0
MDLZ,Mondelez International,Consumer Staples,Packaged Foods & Meats,Q4,2020,2021-01-28 23:55:34,0.028,0.682,0.29,1.0
MPWR,Monolithic Power Systems,Information Technology,Semiconductors,Q4,2020,2021-02-04 21:50:06,0.025,0.731,0.244,1.0
MNST,Monster Beverage,Consumer Staples,Soft Drinks & Non-alcoholic Beverages,Q4,2020,2021-02-25 21:35:36,0.027,0.751,0.223,1.0
MCO,Moody's Corporation,Financials,Financial Exchanges & Data,Q4,2020,2021-02-12 17:30:43,0.056,0.725,0.219,1.0
MS,Morgan Stanley,Financials,Investment Banking & Brokerage,Q4,2020,2021-01-20 11:33:03,0.021,0.718,0.261,1.0
MOS,Mosaic Company (The),Materials,Fertilizers & Agricultural Chemicals,Q4,2020,2021-02-18 16:37:07,0.042,0.784,0.174,0.9999
MSI,Motorola Solutions,Information Technology,Communications Equipment,Q4,2020,2021-02-04 20:11:05,0.03,0.746,0.224,1.0
MSCI,MSCI,Financials,Financial Exchanges & Data,Q4,2020,2021-01-28 00:00:00,0.033,0.742,0.225,1.0
NDAQ,"Nasdaq, Inc.",Financials,Financial Exchanges & Data,Q4,2020,2021-01-27 13:37:06,0.023,0.732,0.245,1.0
NTAP,NetApp,Information Technology,"Technology Hardware, Storage & Peripherals",Q4,2020,2020-05-27 23:14:07,0.034,0.717,0.249,1.0
NFLX,Netflix,Communication Services,Movies & Entertainment,Q4,2020,2021-01-19 23:19:03,0.038,0.711,0.251,1.0
NEM,Newmont,Materials,Gold,Q4,2020,2021-02-18 15:47:05,0.039,0.739,0.222,1.0
NWSA,News Corp (Class A),Communication Services,Publishing,Q4,2020,2020-08-08 04:03:05,0.042,0.774,0.183,1.0
NWS,News Corp (Class B),Communication Services,Publishing,Q4,2020,2020-08-08 04:03:05,0.042,0.774,0.183,1.0
NEE,NextEra Energy,Utilities,Multi-Utilities,Q4,2020,2021-01-26 17:03:04,0.025,0.7,0.275,1.0
NKE,"Nike, Inc.",Consumer Discretionary,"Apparel, Accessories & Luxury Goods",Q4,2020,2020-06-25 23:09:11,0.042,0.739,0.219,1.0
NI,NiSource,Utilities,Multi-Utilities,Q4,2020,2021-02-17 15:04:07,0.03,0.754,0.216,1.0
NDSN,Nordson Corporation,Industrials,Industrial Machinery & Supplies & Components,Q4,2020,2020-12-16 11:17:06,0.036,0.706,0.258,1.0
NSC,Norfolk Southern Railway,Industrials,Rail Transportation,Q4,2020,2021-01-27 14:25:06,0.03,0.705,0.265,1.0
NTRS,Northern Trust,Financials,Asset Management & Custody Banks,Q4,2020,2021-01-21 13:44:04,0.029,0.727,0.244,1.0
NOC,Northrop Grumman,Industrials,Aerospace & Defense,Q4,2020,2021-01-28 13:30:51,0.034,0.739,0.227,1.0
NCLH,Norwegian Cruise Line Holdings,Consumer Discretionary,"Hotels, Resorts & Cruise Lines",Q4,2020,2021-02-25 16:20:48,0.03,0.738,0.232,1.0
NRG,NRG Energy,Utilities,Independent Power Producers & Energy Traders,Q4,2020,2021-02-24 23:48:03,0.021,0.732,0.247,1.0
NUE,Nucor,Materials,Steel,Q4,2020,2021-01-28 20:35:07,0.022,0.758,0.22,1.0
NVDA,Nvidia,Information Technology,Semiconductors,Q4,2020,2020-02-13 21:46:06,0.015,0.779,0.206,1.0
NXPI,NXP Semiconductors,Information Technology,Semiconductors,Q4,2020,2021-02-02 14:40:05,0.035,0.732,0.234,1.0
ORLY,O'Reilly Auto Parts,Consumer Discretionary,Automotive Retail,Q4,2020,2021-02-11 18:20:04,0.051,0.712,0.237,1.0
OXY,Occidental Petroleum,Energy,Oil & Gas Exploration & Production,Q4,2020,2021-02-23 17:18:04,0.041,0.737,0.222,1.0
ODFL,Old Dominion,Industrials,Cargo Ground Transportation,Q4,2020,2021-02-04 16:47:04,0.029,0.682,0.29,1.0
OMC,Omnicom Group,Communication Services,Advertising,Q4,2020,2021-02-18 15:27:03,0.037,0.736,0.226,1.0
ON,ON Semiconductor,Information Technology,Semiconductors,Q4,2020,2021-02-01 13:40:03,0.035,0.717,0.248,1.0
OKE,ONEOK,Energy,Oil & Gas Storage & Transportation,Q4,2020,2021-02-23 15:59:19,0.039,0.734,0.227,1.0
ORCL,Oracle Corporation,Information Technology,Application Software,Q4,2020,2020-06-16 22:33:05,0.034,0.772,0.193,1.0
OTIS,Otis Worldwide,Industrials,Industrial Machinery & Supplies & Components,Q4,2020,2021-02-01 13:58:07,0.024,0.737,0.239,1.0
PCAR,Paccar,Industrials,Construction Machinery & Heavy Transportation Equipment,Q4,2020,2021-01-26 18:03:03,0.031,0.705,0.264,1.0
PKG,Packaging Corporation of America,Materials,Paper & Plastic Packaging Products & Materials,Q4,2020,2021-01-28 14:13:07,0.043,0.727,0.23,1.0
PANW,Palo Alto Networks,Information Technology,Systems Software,Q4,2020,2020-08-25 10:24:13,0.021,0.728,0.251,1.0
PARA,Paramount Global,Communication Services,Movies & Entertainment,Q4,2020,2021-02-25 03:36:06,0.031,0.703,0.266,1.0
PH,Parker Hannifin,Industrials,Industrial Machinery & Supplies & Components,Q4,2020,2020-08-06 20:19:11,0.045,0.758,0.196,1.0
PAYX,Paychex,Industrials,Human Resource & Employment Services,Q4,2020,2020-07-07 18:58:08,0.039,0.75,0.211,1.0
PAYC,Paycom,Industrials,Human Resource & Employment Services,Q4,2020,2021-02-10 21:43:07,0.031,0.736,0.232,1.0
PYPL,PayPal,Financials,Transaction & Payment Processing Services,Q4,2020,2021-02-03 20:45:37,0.031,0.731,0.238,1.0
PNR,Pentair,Industrials,Industrial Machinery & Supplies & Components,Q4,2020,2021-01-28 16:06:08,0.022,0.71,0.267,1.0
PEP,PepsiCo,Consumer Staples,Soft Drinks & Non-alcoholic Beverages,Q4,2020,2021-02-11 10:35:27,0.023,0.683,0.294,1.0
PFE,Pfizer,Health Care,Pharmaceuticals,Q4,2020,2021-02-02 16:41:06,0.038,0.744,0.218,1.0
PCG,PG&E Corporation,Utilities,Multi-Utilities,Q4,2020,2021-02-25 15:22:03,0.047,0.68,0.272,1.0
PM,Philip Morris International,Consumer Staples,Tobacco,Q4,2020,2021-02-04 16:03:04,0.042,0.737,0.222,0.9999
PSX,Phillips 66,Energy,Oil & Gas Refining & Marketing,Q4,2020,2021-01-29 17:16:05,0.029,0.766,0.205,0.9998
PNW,Pinnacle West,Utilities,Multi-Utilities,Q4,2020,2021-02-24 16:00:13,0.019,0.737,0.244,0.9999
PNC,PNC Financial Services,Financials,Regional Banks,Q4,2020,2021-01-15 15:16:06,0.071,0.713,0.217,0.9999
POOL,Pool Corporation,Consumer Discretionary,Distributors,Q4,2020,2021-02-11 16:18:07,0.04,0.718,0.242,1.0
PPG,PPG Industries,Materials,Specialty Chemicals,Q4,2020,2021-01-22 14:12:06,0.034,0.738,0.228,1.0
PPL,PPL Corporation,Utilities,Electric Utilities,Q4,2020,2021-02-18 16:02:17,0.034,0.731,0.235,1.0
PFG,Principal Financial Group,Financials,Life & Health Insurance,Q4,2020,2021-01-29 15:37:03,0.044,0.712,0.243,1.0
PG,Procter & Gamble,Consumer Staples,Personal Care Products,Q4,2020,2020-07-30 14:24:07,0.036,0.681,0.284,1.0
PGR,Progressive Corporation,Financials,Property & Casualty Insurance,Q4,2020,2021-03-02 17:48:07,0.027,0.757,0.216,1.0
PLD,Prologis,Real Estate,Industrial REITs,Q4,2020,2021-01-26 18:04:11,0.043,0.757,0.199,1.0
PRU,Prudential Financial,Financials,Life & Health Insurance,Q4,2020,2021-02-05 16:29:08,0.039,0.716,0.245,1.0
PEG,Public Service Enterprise Group,Utilities,Electric Utilities,Q4,2020,2021-02-26 18:03:17,0.031,0.767,0.202,1.0
PTC,PTC,Information Technology,Application Software,Q4,2020,2020-10-28 21:49:06,0.024,0.722,0.255,1.0
PSA,Public Storage,Real Estate,Self-Storage REITs,Q4,2020,2021-02-25 17:07:10,0.038,0.727,0.235,1.0
PHM,PulteGroup,Consumer Discretionary,Homebuilding,Q4,2020,2021-01-28 16:19:08,0.034,0.732,0.233,1.0
QRVO,Qorvo,Information Technology,Semiconductors,Q4,2020,2020-05-07 23:38:06,0.048,0.707,0.244,1.0
PWR,Quanta Services,Industrials,Construction & Engineering,Q4,2020,2021-02-25 14:03:03,0.03,0.736,0.234,1.0
QCOM,Qualcomm,Information Technology,Semiconductors,Q4,2020,2020-11-04 22:34:06,0.016,0.743,0.241,1.0
DGX,Quest Diagnostics,Health Care,Health Care Services,Q4,2020,2021-02-04 16:17:03,0.022,0.755,0.224,1.0
RL,Ralph Lauren Corporation,Consumer Discretionary,"Apparel, Accessories & Luxury Goods",Q4,2020,2020-05-27 14:43:05,0.034,0.734,0.232,1.0
RJF,Raymond James,Financials,Investment Banking & Brokerage,Q4,2020,2020-10-29 12:22:09,0.042,0.716,0.242,1.0
RTX,RTX Corporation,Industrials,Aerospace & Defense,Q4,2020,2021-01-26 13:00:40,0.031,0.756,0.213,1.0
O,Realty Income,Real Estate,Retail REITs,Q4,2020,2021-02-23 23:11:15,0.025,0.77,0.205,1.0
REG,Regency Centers,Real Estate,Retail REITs,Q4,2020,2021-02-12 17:02:03,0.046,0.718,0.235,1.0
REGN,Regeneron,Health Care,Biotechnology,Q4,2020,2021-02-05 12:13:06,0.049,0.726,0.226,1.0
RF,Regions Financial Corporation,Financials,Regional Banks,Q4,2020,2021-01-22 14:35:42,0.047,0.734,0.218,1.0
RSG,Republic Services,Industrials,Environmental & Facilities Services,Q4,2020,2021-02-23 00:29:03,0.031,0.701,0.269,1.0
RMD,ResMed,Health Care,Health Care Equipment,Q4,2020,2020-08-05 19:48:13,0.034,0.715,0.251,1.0
RHI,Robert Half,Industrials,Human Resource & Employment Services,Q4,2020,2021-01-28 23:17:10,0.037,0.745,0.218,0.9999
ROK,Rockwell Automation,Industrials,Electrical Components & Equipment,Q4,2020,2020-11-10 13:42:06,0.015,0.726,0.259,1.0
ROL,"Rollins, Inc.",Industrials,Environmental & Facilities Services,Q4,2020,2021-01-27 15:37:08,0.031,0.704,0.264,1.0
ROP,Roper Technologies,Information Technology,Electronic Equipment & Instruments,Q4,2020,2021-01-29 13:52:07,0.043,0.748,0.209,1.0
ROST,Ross Stores,Consumer Discretionary,Apparel Retail,Q4,2020,2020-03-03 00:00:00,0.036,0.763,0.201,1.0
RCL,Royal Caribbean Group,Consumer Discretionary,"Hotels, Resorts & Cruise Lines",Q4,2020,2021-02-22 14:40:41,0.022,0.747,0.231,1.0
SPGI,S&P Global,Financials,Financial Exchanges & Data,Q4,2020,2021-01-13 14:39:05,0.034,0.72,0.247,1.0
CRM,Salesforce,Information Technology,Application Software,Q4,2020,2020-02-25 23:01:48,0.025,0.708,0.267,1.0
SBAC,SBA Communications,Real Estate,Telecom Tower REITs,Q4,2020,2021-02-22 21:18:07,0.019,0.78,0.201,1.0
SLB,Schlumberger,Energy,Oil & Gas Equipment & Services,Q4,2020,2021-01-22 18:16:07,0.023,0.754,0.223,1.0
STX,Seagate Technology,Information Technology,"Technology Hardware, Storage & Peripherals",Q4,2020,2020-07-29 00:20:08,0.049,0.741,0.21,1.0
SRE,Sempra Energy,Utilities,Multi-Utilities,Q4,2020,2021-02-25 19:51:05,0.019,0.739,0.243,1.0
NOW,ServiceNow,Information Technology,Systems Software,Q4,2020,2021-01-28 00:01:05,0.014,0.711,0.275,1.0
SHW,Sherwin-Williams,Materials,Specialty Chemicals,Q4,2020,2021-01-28 23:37:04,0.026,0.7,0.274,1.0
SPG,Simon Property Group,Real Estate,Retail REITs,Q4,2020,2021-02-09 02:24:03,0.046,0.734,0.22,1.0
SWKS,Skyworks Solutions,Information Technology,Semiconductors,Q4,2020,2020-11-02 22:39:03,0.038,0.734,0.228,1.0
SJM,J.M. Smucker Company (The),Consumer Staples,Packaged Foods & Meats,Q4,2020,2020-06-04 15:54:04,0.032,0.721,0.247,1.0
SNA,Snap-on,Industrials,Industrial Machinery & Supplies & Components,Q4,2020,2021-02-04 15:11:25,0.034,0.727,0.239,1.0
SO,Southern Company,Utilities,Electric Utilities,Q4,2020,2021-02-18 16:36:07,0.028,0.731,0.241,1.0
LUV,Southwest Airlines,Industrials,Passenger Airlines,Q4,2020,2021-01-28 21:02:04,0.041,0.731,0.227,1.0
SWK,Stanley Black & Decker,Industrials,Industrial Machinery & Supplies & Components,Q4,2020,2021-01-28 13:03:07,0.026,0.7,0.274,1.0
SBUX,Starbucks,Consumer Discretionary,Restaurants,Q4,2020,2020-10-30 05:16:05,0.017,0.733,0.25,1.0
STT,State Street Corporation,Financials,Asset Management & Custody Banks,Q4,2020,2021-01-19 15:11:13,0.034,0.744,0.222,1.0
STLD,Steel Dynamics,Materials,Steel,Q4,2020,2021-01-26 13:55:11,0.028,0.753,0.219,1.0
STE,Steris,Health Care,Health Care Equipment,Q4,2020,2020-05-14 15:53:04,0.031,0.727,0.242,1.0
SYK,Stryker Corporation,Health Care,Health Care Equipment,Q4,2020,2021-01-27 23:53:07,0.029,0.731,0.24,1.0
SMCI,Supermicro,Information Technology,"Technology Hardware, Storage & Peripherals",Q4,2020,2020-08-11 23:14:04,0.041,0.712,0.247,1.0
SYF,Synchrony Financial,Financials,Consumer Finance,Q4,2020,2021-01-29 13:38:10,0.026,0.746,0.228,1.0
SNPS,Synopsys,Information Technology,Application Software,Q4,2020,2020-12-02 22:27:09,0.028,0.729,0.244,1.0
SYY,Sysco,Consumer Staples,Food Distributors,Q4,2020,2020-08-11 13:19:15,0.046,0.693,0.26,1.0
TMUS,T-Mobile US,Communication Services,Wireless Telecommunication Services,Q4,2020,2021-02-04 22:32:11,0.025,0.73,0.245,1.0
TTWO,Take-Two Interactive,Communication Services,Interactive Home Entertainment,Q4,2020,2020-05-20 00:00:00,0.04,0.74,0.22,1.0
TPR,"Tapestry, Inc.",Consumer Discretionary,"Apparel, Accessories & Luxury Goods",Q4,2020,2020-08-13 11:26:08,0.025,0.704,0.271,1.0
TRGP,Targa Resources,Energy,Oil & Gas Storage & Transportation,Q4,2020,2021-02-23 16:29:03,0.019,0.74,0.241,1.0
TGT,Target Corporation,Consumer Staples,Consumer Staples Merchandise Retail,Q4,2020,2020-03-03 00:00:00,0.025,0.731,0.244,1.0
TEL,TE Connectivity,Information Technology,Electronic Manufacturing Services,Q4,2020,2020-10-28 15:14:07,0.017,0.753,0.23,1.0
TDY,Teledyne Technologies,Information Technology,Electronic Equipment & Instruments,Q4,2020,2021-01-27 16:03:07,0.025,0.754,0.221,0.9999
TFX,Teleflex,Health Care,Health Care Equipment,Q4,2020,2021-02-28 09:06:03,0.039,0.763,0.197,1.0
TER,Teradyne,Information Technology,Semiconductor Materials & Equipment,Q4,2020,2021-01-28 14:14:05,0.027,0.763,0.21,1.0
TSLA,"Tesla, Inc.",Consumer Discretionary,Automobile Manufacturers,Q4,2020,2021-01-27 21:23:08,0.027,0.75,0.224,1.0
TXN,Texas Instruments,Information Technology,Semiconductors,Q4,2020,2021-01-26 20:37:11,0.025,0.719,0.255,1.0
TXT,Textron,Industrials,Aerospace & Defense,Q4,2020,2021-01-27 14:45:52,0.03,0.764,0.206,1.0
TMO,Thermo Fisher Scientific,Health Care,Life Sciences Tools & Services,Q4,2020,2021-02-01 13:09:07,0.023,0.727,0.25,1.0
TJX,TJX Companies,Consumer Discretionary,Apparel Retail,Q4,2020,2020-02-26 17:53:11,0.026,0.683,0.292,1.0
TSCO,Tractor Supply,Consumer Discretionary,Other Specialty Retail,Q4,2020,2021-01-28 15:19:24,0.023,0.723,0.254,1.0
TT,Trane Technologies,Industrials,Building Products,Q4,2020,2021-02-05 17:51:04,0.023,0.724,0.253,1.0
TDG,TransDigm Group,Industrials,Aerospace & Defense,Q4,2020,2020-11-12 19:09:07,0.048,0.752,0.2,1.0
TRV,Travelers Companies (The),Financials,Property & Casualty Insurance,Q4,2020,2021-01-21 16:10:03,0.067,0.696,0.237,1.0
TRMB,Trimble Inc.,Information Technology,Electronic Equipment & Instruments,Q4,2020,2021-02-10 23:12:06,0.051,0.726,0.224,1.0
TFC,Truist,Financials,Regional Banks,Q4,2020,2021-01-21 13:16:05,0.023,0.732,0.246,1.0
TYL,Tyler Technologies,Information Technology,Application Software,Q4,2020,2021-02-11 14:38:06,0.023,0.711,0.266,1.0
TSN,Tyson Foods,Consumer Staples,Packaged Foods & Meats,Q4,2020,2020-11-16 16:47:03,0.046,0.711,0.243,1.0
USB,U.S. Bank,Financials,Diversified Banks,Q4,2020,2021-01-20 11:29:05,0.032,0.72,0.247,1.0
UBER,Uber,Industrials,Passenger Ground Transportation,Q4,2020,2021-02-10 23:05:47,0.025,0.748,0.227,1.0
UDR,"UDR, Inc.",Real Estate,Multi-Family Residential REITs,Q4,2020,2021-02-10 16:11:08,0.048,0.773,0.179,1.0
ULTA,Ulta Beauty,Consumer Discretionary,Other Specialty Retail,Q4,2020,2020-03-12 00:00:00,0.03,0.684,0.286,1.0
UNP,Union Pacific Corporation,Industrials,Rail Transportation,Q4,2020,2021-01-21 15:18:06,0.03,0.689,0.281,1.0
UAL,United Airlines Holdings,Industrials,Passenger Airlines,Q4,2020,2021-01-21 21:34:06,0.048,0.732,0.22,1.0
UPS,United Parcel Service,Industrials,Air Freight & Logistics,Q4,2020,2021-02-02 15:14:03,0.027,0.705,0.268,1.0
URI,United Rentals,Industrials,Trading Companies & Distributors,Q4,2020,2021-01-28 16:22:05,0.031,0.734,0.235,1.0
UNH,UnitedHealth Group,Health Care,Managed Health Care,Q4,2020,2021-01-20 20:33:00,0.024,0.688,0.288,1.0
UHS,Universal Health Services,Health Care,Health Care Facilities,Q4,2020,2021-02-26 14:10:40,0.049,0.752,0.199,1.0
VLO,Valero Energy,Energy,Oil & Gas Refining & Marketing,Q4,2020,2021-01-28 14:56:04,0.041,0.774,0.184,1.0
VTR,Ventas,Real Estate,Health Care REITs,Q4,2020,2021-02-18 16:21:18,0.032,0.726,0.242,1.0
VRSN,Verisign,Information Technology,Internet Services & Infrastructure,Q4,2020,2021-02-11 20:33:06,0.033,0.76,0.206,0.9999
VRSK,Verisk,Industrials,Research & Consulting Services,Q4,2020,2021-02-24 15:07:18,0.028,0.72,0.251,1.0
VZ,Verizon,Communication Services,Integrated Telecommunication Services,Q4,2020,2021-01-26 15:01:15,0.028,0.741,0.231,1.0
VRTX,Vertex Pharmaceuticals,Health Care,Biotechnology,Q4,2020,2021-02-01 19:23:10,0.019,0.776,0.205,1.0
VTRS,Viatris,Health Care,Pharmaceuticals,Q4,2020,2021-02-18 20:58:11,0.019,0.797,0.184,0.9999
VICI,Vici Properties,Real Estate,Hotel & Resort REITs,Q4,2020,2021-02-19 15:36:16,0.025,0.725,0.249,1.0
V,Visa Inc.,Financials,Transaction & Payment Processing Services,Q4,2020,2020-10-29 00:56:06,0.03,0.752,0.217,1.0
VST,Vistra,Utilities,Electric Utilities,Q4,2020,2021-02-26 12:37:16,0.062,0.726,0.212,1.0
VMC,Vulcan Materials Company,Materials,Construction Materials,Q4,2020,2021-02-16 15:42:03,0.039,0.71,0.251,1.0
WRB,W. R. Berkley Corporation,Financials,Property & Casualty Insurance,Q4,2020,2021-01-26 20:32:05,0.095,0.711,0.194,0.9999
GWW,W. W. Grainger,Industrials,Industrial Machinery & Supplies & Components,Q4,2020,2021-02-03 15:23:07,0.031,0.733,0.236,1.0
WAB,Wabtec,Industrials,Construction Machinery & Heavy Transportation Equipment,Q4,2020,2021-02-18 14:21:07,0.026,0.723,0.251,1.0
WBA,Walgreens Boots Alliance,Consumer Staples,Drug Retail,Q4,2020,2020-10-15 17:00:00,0.032,0.749,0.219,1.0
WMT,Walmart,Consumer Staples,Consumer Staples Merchandise Retail,Q4,2020,2020-02-18 00:00:00,0.027,0.743,0.23,1.0
DIS,Walt Disney Company (The),Communication Services,Movies & Entertainment,Q4,2020,2020-11-12 21:38:09,0.034,0.746,0.22,1.0
WBD,Warner Bros. Discovery,Communication Services,Broadcasting,Q4,2020,2021-02-22 11:47:04,0.019,0.711,0.27,1.0
WM,Waste Management,Industrials,Environmental & Facilities Services,Q4,2020,2021-02-18 16:30:05,0.028,0.737,0.234,1.0
WAT,Waters Corporation,Health Care,Life Sciences Tools & Services,Q4,2020,2021-02-02 13:38:04,0.02,0.737,0.243,1.0
WEC,WEC Energy Group,Utilities,Electric Utilities,Q4,2020,2021-02-04 17:39:03,0.021,0.754,0.225,1.0
WFC,Wells Fargo,Financials,Diversified Banks,Q4,2020,2021-01-15 14:50:03,0.046,0.711,0.242,1.0
WELL,Welltower,Real Estate,Health Care REITs,Q4,2020,2021-02-10 18:29:05,0.031,0.733,0.235,1.0
WST,West Pharmaceutical Services,Health Care,Health Care Supplies,Q4,2020,2021-02-18 13:26:05,0.021,0.744,0.235,0.9999
WDC,Western Digital,Information Technology,"Technology Hardware, Storage & Peripherals",Q4,2020,2020-08-05 00:00:00,0.058,0.748,0.195,1.0
WRK,WestRock,Materials,Paper & Plastic Packaging Products & Materials,Q4,2020,2020-11-05 19:33:04,0.034,0.758,0.209,1.0
WY,Weyerhaeuser,Real Estate,Timber REITs,Q4,2020,2021-01-29 14:14:03,0.038,0.756,0.206,1.0
WMB,Williams Companies,Energy,Oil & Gas Storage & Transportation,Q4,2020,2021-02-23 16:14:04,0.027,0.746,0.227,1.0
WTW,Willis Towers Watson,Financials,Insurance Brokers,Q4,2020,2021-02-09 00:00:00,0.032,0.724,0.244,1.0
WYNN,Wynn Resorts,Consumer Discretionary,Casinos & Gaming,Q4,2020,2021-02-04 20:09:03,0.024,0.746,0.229,1.0
XEL,Xcel Energy,Utilities,Multi-Utilities,Q4,2020,2021-01-28 15:20:06,0.014,0.748,0.238,1.0
XYL,Xylem Inc.,Industrials,Industrial Machinery & Supplies & Components,Q4,2020,2021-02-04 14:20:37,0.026,0.737,0.237,1.0
YUM,Yum! Brands,Consumer Discretionary,Restaurants,Q4,2020,2021-02-04 12:50:42,0.032,0.713,0.255,1.0
ZBRA,Zebra Technologies,Information Technology,Electronic Equipment & Instruments,Q4,2020,2021-02-11 00:00:00,0.027,0.703,0.27,1.0
ZBH,Zimmer Biomet,Health Care,Health Care Equipment,Q4,2020,2021-02-05 13:35:17,0.033,0.709,0.258,1.0
ZTS,Zoetis,Health Care,Pharmaceuticals,Q4,2020,2021-02-16 15:31:04,0.026,0.718,0.256,1.0
